model,use_graph,use_attention,test_loss,auc,accuracy,precision,recall,f1
no_graph_no_attention,False,False,1.0055422157049179,0.8418093983311374,0.735973597359736,0.8452380952380952,0.5144927536231884,0.6396396396396397
no_graph_with_attention,False,True,0.7524956136941909,0.8533596837944663,0.7557755775577558,0.7909090909090909,0.6304347826086957,0.7016129032258065
with_graph_no_attention,True,False,0.6448895573616028,0.8701800614844093,0.8052805280528053,0.8062015503875969,0.7536231884057971,0.7790262172284644
with_graph_with_attention,True,True,0.895130068063736,0.828765920070268,0.7260726072607261,0.6502732240437158,0.8623188405797102,0.7414330218068536
