model,auc,accuracy,f1,precision,recall
MLP,0.8691260430390866,0.7920792079207921,0.7883914021882519,0.7932584269662921,0.7865612648221344
CNN,0.8222222222222223,0.7656765676567657,0.7636583356220819,0.7638290387828687,0.7635046113306982
RNN,0.8144488361879667,0.7227722772277227,0.7208720828215476,0.7206617002629272,0.7211462450592885
