model,use_graph,use_attention,test_loss,auc,accuracy,precision,recall,f1
no_graph_no_attention,False,False,0.5428523149054784,0.9272168803418803,0.8799019607843137,0.8683473389355743,0.9935897435897436,0.9267563527653214
no_graph_with_attention,False,True,0.38156991394666523,0.9293202457264957,0.9044117647058824,0.92,0.9583333333333334,0.9387755102040817
with_graph_no_attention,True,False,0.5703198593109846,0.9276842948717948,0.875,0.8676056338028169,0.9871794871794872,0.9235382308845577
with_graph_with_attention,True,True,0.3258336793917876,0.9233106303418803,0.8872549019607843,0.915625,0.9391025641025641,0.9272151898734177
