model,auc,accuracy,f1,precision,recall
MLP,0.9216245993589745,0.8897058823529411,0.8415041566311864,0.8544956493715758,0.8305288461538461
CNN,0.94921875,0.8872549019607843,0.8347363601141207,0.8564267544515936,0.8181089743589743
RNN,0.9618055555555556,0.9166666666666666,0.8825044043908389,0.8884149697303247,0.8770032051282051
