model,use_graph,use_attention,test_loss,mse,mae,rmse,mape,r2,pearson_r
no_graph_no_attention,False,False,0.5787076714914292,0.65265137,0.600122,0.8078684,40.8307820558548,0.8619254231452942,0.9472953038717632
no_graph_with_attention,False,True,0.6970641724765301,0.77692205,0.65439004,0.8814318,42.46234893798828,0.835634782910347,0.9379594285381684
with_graph_no_attention,True,False,0.7099839113652706,0.7789046,0.6684469,0.8825557,41.72919988632202,0.8352153599262238,0.9441861782679088
with_graph_with_attention,True,True,0.40264017367735505,0.44893733,0.49205023,0.67002785,38.97321820259094,0.9050230532884598,0.9532441238547398
