model,auc,accuracy,f1,precision,recall
MLP,0.8069679783659642,0.9663262825188427,0.7080926021793496,0.7535995514577623,0.6774693706014449
CNN,0.7433421411609504,0.9657184536834428,0.6506286699523415,0.7502362671275151,0.6104700816507854
RNN,0.7378444785558244,0.9655968879163628,0.6828735120634886,0.7463483556282493,0.64708345522024
