model,use_graph,use_attention,test_loss,auc,accuracy,precision,recall,f1
no_graph_no_attention,False,False,0.18234922261746211,0.77255968607455,0.9679066374908826,0.6086956521739131,0.2422145328719723,0.34653465346534656
no_graph_with_attention,False,True,0.1392868518208464,0.7967979237882408,0.9692438609287625,0.608433734939759,0.3494809688581315,0.443956043956044
with_graph_no_attention,True,False,0.18210308028966218,0.7538151873338179,0.9663262825188427,0.54,0.28027681660899656,0.36902050113895213
with_graph_with_attention,True,True,0.14618121847228774,0.8026402120853975,0.9704595185995624,0.6419753086419753,0.35986159169550175,0.4611973392461198
