model,use_graph,use_attention,test_loss,mse,mae,rmse,mape,r2,pearson_r
no_graph_no_attention,False,False,1.152299134819596,1.0795764,0.83693874,1.0390266,82.47087597846985,0.2693096399307251,0.744735551245321
no_graph_with_attention,False,True,0.7360929250717163,0.68847775,0.63184494,0.8297456,91.51040315628052,0.5340172052383423,0.745191527973538
with_graph_no_attention,True,False,0.7871726309811627,0.7385336,0.6704854,0.85937977,80.55562376976013,0.5001378357410431,0.7653925408104421
with_graph_with_attention,True,True,0.7583095486517306,0.69474494,0.62479,0.8335136,90.57149291038513,0.5297753512859344,0.7364075722825032
